{"cameraMode":{"drawMode":0,"name":"Shaded","section":"Shading Mode"},"sceneLighting":false,"audioPlay":false,"sceneViewState":{"showFog":true,"showMaterialUpdate":false,"showSkybox":false,"showFlares":true,"showImageEffects":true,"showParticleSystems":true},"in2DMode":false,"pivot":{"x":0.0,"y":0.07499998807907105,"z":-0.050000011920928958},"rotation":{"x":-0.2681659460067749,"y":0.17111435532569886,"z":-0.048464152961969379,"w":-0.9468165636062622},"size":1.0574142932891846,"orthographic":false}