{"cameraMode":{"drawMode":0,"name":"Shaded","section":"Shading Mode"},"sceneLighting":false,"audioPlay":false,"sceneViewState":{"showFog":true,"showMaterialUpdate":false,"showSkybox":false,"showFlares":true,"showImageEffects":true,"showParticleSystems":true},"in2DMode":false,"pivot":{"x":0.0,"y":0.07499998807907105,"z":-0.07499998807907105},"rotation":{"x":0.18083393573760987,"y":-0.23840612173080445,"z":0.045231789350509647,"w":0.9531201720237732},"size":1.0446292161941529,"orthographic":false}